0,MultipleChoice1,1-a,1-b,1-c,1-d,a
1,MultipleChoice2,2-a,2-b,2-c,2-d,b
2,MultipleChoice3,3-a,3-b,3-c,3-d,c
3,MultipleChoice4,4-a,4-b,4-c,4-d,d
4,MultipleChoice5,5-a,5-b,5-c,5-d,a
5,MultipleChoice6,6-a,6-b,6-c,6-d,b
6,MultipleChoice7,7-a,7-b,7-c,7-d,c
7,MultipleChoice8,8-a,8-b,8-c,8-d,d
8,MultipleChoice9,9-a,9-b,9-c,9-d,a
9,MultipleChoice10,10-a,10-b,10-c,10-d,b
10,MultipleChoice11,11-a,11-b,11-c,11-d,c
11,MultipleChoice12,12-a,12-b,12-c,12-d,d
12,MultipleChoice13,13-a,13-b,13-c,13-d,a
13,MultipleChoice14,14-a,14-b,14-c,14-d,b
14,MultipleChoice15,15-a,15-b,15-c,15-d,c
15,MultipleChoice16,16-a,16-b,16-c,16-d,d
16,MultipleChoice17,17-a,17-b,17-c,17-d,a
17,MultipleChoice18,18-a,18-b,18-c,18-d,b
18,MultipleChoice19,19-a,19-b,19-c,19-d,c
19,MultipleChoice20,20-a,20-b,20-c,20-d,d
20,MultipleChoice21,21-a,21-b,21-c,21-d,a
21,MultipleChoice22,22-a,22-b,22-c,22-d,b
22,MultipleChoice23,23-a,23-b,23-c,23-d,c
23,MultipleChoice24,24-a,24-b,24-c,24-d,d
24,MultipleChoice25,25-a,25-b,25-c,25-d,a
25,MultipleChoice26,26-a,26-b,26-c,26-d,b
26,MultipleChoice27,27-a,27-b,27-c,27-d,c
27,MultipleChoice28,28-a,28-b,28-c,28-d,d
28,MultipleChoice29,29-a,29-b,29-c,29-d,a
29,MultipleChoice30,30-a,30-b,30-c,30-d,b
30,MultipleChoice31,31-a,31-b,31-c,31-d,c
31,MultipleChoice32,32-a,32-b,32-c,32-d,d
32,MultipleChoice33,33-a,33-b,33-c,33-d,a
33,MultipleChoice34,34-a,34-b,34-c,34-d,b
34,MultipleChoice35,35-a,35-b,35-c,35-d,c
35,MultipleChoice36,36-a,36-b,36-c,36-d,d
36,MultipleChoice37,37-a,37-b,37-c,37-d,a
37,MultipleChoice38,38-a,38-b,38-c,38-d,b
38,MultipleChoice39,39-a,39-b,39-c,39-d,c
39,MultipleChoice40,40-a,40-b,40-c,40-d,d
40,MultipleChoice41,41-a,41-b,41-c,41-d,a
41,MultipleChoice42,42-a,42-b,42-c,42-d,b
42,MultipleChoice43,43-a,43-b,43-c,43-d,c
43,MultipleChoice44,44-a,44-b,44-c,44-d,d
44,MultipleChoice45,45-a,45-b,45-c,45-d,a
45,MultipleChoice46,46-a,46-b,46-c,46-d,b
46,MultipleChoice47,47-a,47-b,47-c,47-d,c
47,MultipleChoice48,48-a,48-b,48-c,48-d,d
48,MultipleChoice49,49-a,49-b,49-c,49-d,a
49,MultipleChoice50,50-a,50-b,50-c,50-d,b
50,MultipleChoice51,51-a,51-b,51-c,51-d,c
51,MultipleChoice52,52-a,52-b,52-c,52-d,d
52,MultipleChoice53,53-a,53-b,53-c,53-d,a
53,MultipleChoice54,54-a,54-b,54-c,54-d,b
54,MultipleChoice55,55-a,55-b,55-c,55-d,c
55,MultipleChoice56,56-a,56-b,56-c,56-d,d
56,MultipleChoice57,57-a,57-b,57-c,57-d,a
57,MultipleChoice58,58-a,58-b,58-c,58-d,b
58,MultipleChoice59,59-a,59-b,59-c,59-d,c
59,MultipleChoice60,60-a,60-b,60-c,60-d,d
60,MultipleChoice61,61-a,61-b,61-c,61-d,a
61,MultipleChoice62,62-a,62-b,62-c,62-d,b
62,MultipleChoice63,63-a,63-b,63-c,63-d,c
63,MultipleChoice64,64-a,64-b,64-c,64-d,d
64,MultipleChoice65,65-a,65-b,65-c,65-d,a
65,MultipleChoice66,66-a,66-b,66-c,66-d,b
66,MultipleChoice67,67-a,67-b,67-c,67-d,c
67,MultipleChoice68,68-a,68-b,68-c,68-d,d
68,MultipleChoice69,69-a,69-b,69-c,69-d,a
69,MultipleChoice70,70-a,70-b,70-c,70-d,b
70,MultipleChoice71,71-a,71-b,71-c,71-d,c
71,MultipleChoice72,72-a,72-b,72-c,72-d,d
72,MultipleChoice73,73-a,73-b,73-c,73-d,a
73,MultipleChoice74,74-a,74-b,74-c,74-d,b
74,MultipleChoice75,75-a,75-b,75-c,75-d,c
75,MultipleChoice76,76-a,76-b,76-c,76-d,d
76,MultipleChoice77,77-a,77-b,77-c,77-d,a
77,MultipleChoice78,78-a,78-b,78-c,78-d,b
78,MultipleChoice79,79-a,79-b,79-c,79-d,c
79,MultipleChoice80,80-a,80-b,80-c,80-d,d
80,MultipleChoice81,81-a,81-b,81-c,81-d,a
81,MultipleChoice82,82-a,82-b,82-c,82-d,b
82,MultipleChoice83,83-a,83-b,83-c,83-d,c
83,MultipleChoice84,84-a,84-b,84-c,84-d,d
84,MultipleChoice85,85-a,85-b,85-c,85-d,a
85,MultipleChoice86,86-a,86-b,86-c,86-d,b
86,MultipleChoice87,87-a,87-b,87-c,87-d,c
87,MultipleChoice88,88-a,88-b,88-c,88-d,d
88,MultipleChoice89,89-a,89-b,89-c,89-d,a
89,MultipleChoice90,90-a,90-b,90-c,90-d,b
90,MultipleChoice91,91-a,91-b,91-c,91-d,c
91,MultipleChoice92,92-a,92-b,92-c,92-d,d
92,MultipleChoice93,93-a,93-b,93-c,93-d,a
93,MultipleChoice94,94-a,94-b,94-c,94-d,b
94,MultipleChoice95,95-a,95-b,95-c,95-d,c
95,MultipleChoice96,96-a,96-b,96-c,96-d,d
96,MultipleChoice97,97-a,97-b,97-c,97-d,a
97,MultipleChoice98,98-a,98-b,98-c,98-d,b
98,MultipleChoice99,99-a,99-b,99-c,99-d,c
99,MultipleChoice100,100-a,100-b,100-c,100-d,d
100,MultipleChoice101,101-a,101-b,101-c,101-d,a
101,MultipleChoice102,102-a,102-b,102-c,102-d,b
102,MultipleChoice103,103-a,103-b,103-c,103-d,c
103,MultipleChoice104,104-a,104-b,104-c,104-d,d
104,MultipleChoice105,105-a,105-b,105-c,105-d,a
105,MultipleChoice106,106-a,106-b,106-c,106-d,b
106,MultipleChoice107,107-a,107-b,107-c,107-d,c
107,MultipleChoice108,108-a,108-b,108-c,108-d,d
108,MultipleChoice109,109-a,109-b,109-c,109-d,a
109,MultipleChoice110,110-a,110-b,110-c,110-d,b
110,MultipleChoice111,111-a,111-b,111-c,111-d,c
111,MultipleChoice112,112-a,112-b,112-c,112-d,d
112,MultipleChoice113,113-a,113-b,113-c,113-d,a
113,MultipleChoice114,114-a,114-b,114-c,114-d,b
114,MultipleChoice115,115-a,115-b,115-c,115-d,c
115,MultipleChoice116,116-a,116-b,116-c,116-d,d
116,MultipleChoice117,117-a,117-b,117-c,117-d,a
117,MultipleChoice118,118-a,118-b,118-c,118-d,b
118,MultipleChoice119,119-a,119-b,119-c,119-d,c
119,MultipleChoice120,120-a,120-b,120-c,120-d,d
120,MultipleChoice121,121-a,121-b,121-c,121-d,a
121,MultipleChoice122,122-a,122-b,122-c,122-d,b
122,MultipleChoice123,123-a,123-b,123-c,123-d,c
123,MultipleChoice124,124-a,124-b,124-c,124-d,d
124,MultipleChoice125,125-a,125-b,125-c,125-d,a
125,MultipleChoice126,126-a,126-b,126-c,126-d,b
126,MultipleChoice127,127-a,127-b,127-c,127-d,c
127,MultipleChoice128,128-a,128-b,128-c,128-d,d
128,MultipleChoice129,129-a,129-b,129-c,129-d,a
129,MultipleChoice130,130-a,130-b,130-c,130-d,b
130,MultipleChoice131,131-a,131-b,131-c,131-d,c
131,MultipleChoice132,132-a,132-b,132-c,132-d,d
132,MultipleChoice133,133-a,133-b,133-c,133-d,a
133,MultipleChoice134,134-a,134-b,134-c,134-d,b
134,MultipleChoice135,135-a,135-b,135-c,135-d,c
135,MultipleChoice136,136-a,136-b,136-c,136-d,d
136,MultipleChoice137,137-a,137-b,137-c,137-d,a
137,MultipleChoice138,138-a,138-b,138-c,138-d,b
138,MultipleChoice139,139-a,139-b,139-c,139-d,c
139,MultipleChoice140,140-a,140-b,140-c,140-d,d
140,MultipleChoice141,141-a,141-b,141-c,141-d,a
141,MultipleChoice142,142-a,142-b,142-c,142-d,b
142,MultipleChoice143,143-a,143-b,143-c,143-d,c
143,MultipleChoice144,144-a,144-b,144-c,144-d,d
144,MultipleChoice145,145-a,145-b,145-c,145-d,a
145,MultipleChoice146,146-a,146-b,146-c,146-d,b
146,MultipleChoice147,147-a,147-b,147-c,147-d,c
147,MultipleChoice148,148-a,148-b,148-c,148-d,d
148,MultipleChoice149,149-a,149-b,149-c,149-d,a
149,MultipleChoice150,150-a,150-b,150-c,150-d,b
150,MultipleChoice151,151-a,151-b,151-c,151-d,c
151,MultipleChoice152,152-a,152-b,152-c,152-d,d
152,MultipleChoice153,153-a,153-b,153-c,153-d,a
153,MultipleChoice154,154-a,154-b,154-c,154-d,b
154,MultipleChoice155,155-a,155-b,155-c,155-d,c
155,MultipleChoice156,156-a,156-b,156-c,156-d,d
156,MultipleChoice157,157-a,157-b,157-c,157-d,a
157,MultipleChoice158,158-a,158-b,158-c,158-d,b
158,MultipleChoice159,159-a,159-b,159-c,159-d,c
159,MultipleChoice160,160-a,160-b,160-c,160-d,d
160,MultipleChoice161,161-a,161-b,161-c,161-d,a
161,MultipleChoice162,162-a,162-b,162-c,162-d,b
162,MultipleChoice163,163-a,163-b,163-c,163-d,c
163,MultipleChoice164,164-a,164-b,164-c,164-d,d
164,MultipleChoice165,165-a,165-b,165-c,165-d,a
165,MultipleChoice166,166-a,166-b,166-c,166-d,b
166,MultipleChoice167,167-a,167-b,167-c,167-d,c
167,MultipleChoice168,168-a,168-b,168-c,168-d,d
168,MultipleChoice169,169-a,169-b,169-c,169-d,a
169,MultipleChoice170,170-a,170-b,170-c,170-d,b
170,MultipleChoice171,171-a,171-b,171-c,171-d,c
171,MultipleChoice172,172-a,172-b,172-c,172-d,d
172,MultipleChoice173,173-a,173-b,173-c,173-d,a
173,MultipleChoice174,174-a,174-b,174-c,174-d,b
174,MultipleChoice175,175-a,175-b,175-c,175-d,c
175,MultipleChoice176,176-a,176-b,176-c,176-d,d
176,MultipleChoice177,177-a,177-b,177-c,177-d,a
177,MultipleChoice178,178-a,178-b,178-c,178-d,b
178,MultipleChoice179,179-a,179-b,179-c,179-d,c
179,MultipleChoice180,180-a,180-b,180-c,180-d,d
180,MultipleChoice181,181-a,181-b,181-c,181-d,a
181,MultipleChoice182,182-a,182-b,182-c,182-d,b
182,MultipleChoice183,183-a,183-b,183-c,183-d,c
183,MultipleChoice184,184-a,184-b,184-c,184-d,d
184,MultipleChoice185,185-a,185-b,185-c,185-d,a
185,MultipleChoice186,186-a,186-b,186-c,186-d,b
186,MultipleChoice187,187-a,187-b,187-c,187-d,c
187,MultipleChoice188,188-a,188-b,188-c,188-d,d
188,MultipleChoice189,189-a,189-b,189-c,189-d,a
189,MultipleChoice190,190-a,190-b,190-c,190-d,b
190,MultipleChoice191,191-a,191-b,191-c,191-d,c
191,MultipleChoice192,192-a,192-b,192-c,192-d,d
192,MultipleChoice193,193-a,193-b,193-c,193-d,a
193,MultipleChoice194,194-a,194-b,194-c,194-d,b
194,MultipleChoice195,195-a,195-b,195-c,195-d,c
195,MultipleChoice196,196-a,196-b,196-c,196-d,d
196,MultipleChoice197,197-a,197-b,197-c,197-d,a
197,MultipleChoice198,198-a,198-b,198-c,198-d,b
198,MultipleChoice199,199-a,199-b,199-c,199-d,c
199,MultipleChoice200,200-a,200-b,200-c,200-d,d
